epoch,step,train_loss_step
0,49,2.4461631774902344
0,99,1.9716062545776367
0,149,1.5701013803482056
0,199,1.5676366090774536
0,249,1.3838213682174683
0,299,1.4610300064086914
0,349,1.432766318321228
0,399,1.3368220329284668
0,449,1.4309062957763672
0,499,1.3866170644760132
