epoch,step,train_loss_step
0,49,2.6258223056793213
0,99,1.9332364797592163
0,149,1.6442779302597046
0,199,1.742956280708313
0,249,1.5887800455093384
0,299,1.346200942993164
0,349,1.3139557838439941
0,399,1.4100359678268433
0,449,1.375340461730957
