epoch,step,train_loss_step
0,49,2.263417959213257
0,99,1.7691422700881958
