epoch,step,train_loss_step
0,49,2.4354302883148193
0,99,1.7229089736938477
0,149,1.6989415884017944
0,199,1.5463250875473022
0,249,1.6513957977294922
0,299,1.4664806127548218
0,349,1.4723984003067017
0,399,1.498363971710205
0,449,1.3990269899368286
0,499,1.2152210474014282
0,549,1.4232770204544067
0,599,1.4166712760925293
0,649,1.3840084075927734
0,699,1.326653003692627
0,749,1.3217114210128784
0,799,1.2373168468475342
0,849,1.583688735961914
