epoch,step,train_loss_step
0,49,2.5131595134735107
0,99,1.6920429468154907
0,149,1.6232318878173828
0,199,1.5384316444396973
0,249,1.3492679595947266
0,299,1.344382882118225
