epoch,step,train_loss_step
0,49,2.7948570251464844
0,99,2.0097992420196533
0,149,1.5879712104797363
0,199,1.4278956651687622
0,249,1.4601322412490845
0,299,1.5868993997573853
